{
  "spatialReferences": [
    {
      "wkid": "3857",
      "isDefault": false,
      "label": "WGS_1984_Web_Mercator_Auxiliary_Sphere",
      "alias": "WGS_1984_Web_Mercator_Auxiliary_Sphere",
      "outputUnit": "DECIMAL_DEGREES",
      "transformationWkid": "",
      "transformationLabel": "",
      "transformForward": false,
      "options": {
        "sameSRWithMap": true,
        "isGeographicCS": false,
        "isGeographicUnit": true,
        "isProjectedCS": true,
        "isProjectUnit": false,
        "spheroidCS": 4326,
        "defaultUnit": "Meter",
        "unitRate": 1
      }
    }
  ],
  "decimalPlaces": 4,
  "addSeparator": true,
  "displayOrderLonLat": true
}
