{
  "splash": {
    "splashContent": "<div> </div>\n\t<div align=\"center\"><font size=\"5\">Aplicación de edición de PlanApp:</font></div><div align=\"center\"><font size=\"5\"><br /></font></div><div align=\"center\"><font size=\"4\">Asegúrese de que los servicios están activados para que la aplicación funcione correctamente</font></div>",
    "requireConfirm": false,
    "confirm": {
      "text": "",
      "color": "#ffffff",
      "transparency": 0
    },
    "showOption": true,
    "confirmEverytime": true,
    "contentVertical": "top",
    "size": {
      "mode": "wh",
      "wh": {
        "w": 600,
        "h": 264
      }
    },
    "background": {
      "mode": "color",
      "image": null,
      "type": "fill",
      "fileName": "No%20se%20ha%20seleccionado%20ning%C3%BAn%20archivo",
      "color": "#485566",
      "transparency": 0
    },
    "button": {
      "color": "#518dca",
      "transparency": 0,
      "text": "Aceptar"
    }
  }
}
